# metadata,value
mode,qcl
fudge_factor,1
on_start,0.1
on_stop,0.29
off_start,0.6
off_stop,30

Bias_Current,Counts_TL1(0.016),DCounts_TL1(0.016),ClicksOn_TL1(0.016),ClicksOff_TL1(0.016)
0.0392,177881.13139992842,13.60544217687075,338,4
0.0451,305242.74973147153,20.408163265306122,580,6
0.051,425181.52524167567,81.63265306122449,808,24
0.0569,483035.4457572503,122.44897959183675,918,36
0.0627,499778.9115646259,221.08843537414967,950,65
0.0686,530315.4314357322,210.8843537414966,1008,62
0.0745,585740.9595417115,574.8299319727892,1114,169
0.0804,581322.9502327248,782.3129251700681,1106,230
0.0784,592555.8539205156,602.0408163265306,1127,177
