# metadata,value
mode,qcl
fudge_factor,1
on_start,0.1
on_stop,0.29
off_start,0.6
off_stop,30

Bias_Current,Counts_TL1(0.016),DCounts_TL1(0.016),ClicksOn_TL1(0.016),ClicksOff_TL1(0.016)
0.0392,51578.94736842106,0.0,98,0
0.0451,99996.5986394558,3.4013605442176873,190,1
0.051,155218.94020766203,44.21768707482993,295,13
0.0569,195701.0383100609,88.43537414965986,372,26
0.0627,213524.3465807376,159.8639455782313,406,47
0.0686,247082.7067669173,285.7142857142857,470,84
0.0745,214824.38238453277,438.7755102040817,409,129
0.0804,257098.81847475833,795.9183673469388,490,234
0.0784,220932.6888650197,646.2585034013606,421,190
