# metadata,value
mode,qcl
fudge_factor,1
on_start,0.1
on_stop,0.29
off_start,0.6
off_stop,30

Bias_Current,Counts_TL1(0.016),DCounts_TL1(0.016),ClicksOn_TL1(0.016),ClicksOff_TL1(0.016)
0.0392,392091.6577157179,13.60544217687075,745,4
0.0451,630519.5130683853,6.802721088435375,1198,2
0.051,867864.1245972074,30.612244897959187,1649,9
0.0569,1003011.636233441,146.25850340136054,1906,43
0.0627,1090862.1553884712,190.47619047619048,2073,56
0.0686,1104403.5087719301,333.33333333333337,2099,98
0.0745,1193764.9480844971,445.57823129251705,2269,131
0.0804,1205564.088793412,751.7006802721089,2292,221
0.0784,1237761.1886860009,659.8639455782313,2353,194
