# metadata,value
mode,qcl
fudge_factor,1
on_start,0.1
on_stop,0.29
off_start,0.6
off_stop,30

Bias_Current,Counts_TL1(0.016),DCounts_TL1(0.016),ClicksOn_TL1(0.016),ClicksOff_TL1(0.016)
0.0392,69473.68421052632,0.0,132,0
0.0451,132098.46043680632,6.802721088435375,251,2
0.051,189945.57823129254,54.421768707483,361,16
0.0569,222485.3204439671,146.25850340136054,423,43
0.0627,259225.38489079845,248.29931972789117,493,73
0.0686,274304.8693161476,431.97278911564626,522,127
0.0745,298932.86788399576,540.8163265306123,569,159
0.0804,298477.08557107055,996.5986394557824,569,293
0.0784,286049.5882563552,792.5170068027211,545,233
